{"Logistic Regression": 0.9, "SVC": 0.9333333333333333, "Decision Tree Classifier": 0.9333333333333333, "Random Forest Classifier": 0.9333333333333333}